<?xml version="1.0" encoding="utf-8"?>
<settings version="1001">
   <groups type="Application">
      <group>
         <setting key="app-name" runtime="false">com.sonyericsson.androidapp.foursquare_ext_ts3.apk</setting>
         <setting key="deletable" runtime="false">true</setting>
      </group>
      <group>
         <setting key="app-name" runtime="false">com.joelapenna.foursquared.apk</setting>
         <setting key="deletable" runtime="false">true</setting>
      </group>
   </groups>
</settings>